"audio_filename","danish_text"
"scenario_0_1A_question.mp3","Nogle unge mennesker begår småkriminalitet, selvom de ved, at det er ulovligt. Hvorfor tror du alligevel, at de gør det?"
"scenario_0_1A_answer.mp3","Jeg tror, der kan være flere grunde. For det første kan det handle om gruppepres eller et ønske om at passe ind i en bestemt social gruppe. En anden årsag kan være, at de keder sig og søger spænding. Desuden kan det for nogle være et råb om hjælp eller en reaktion på problemer derhjemme eller i skolen. Det vil sige, at selve kriminaliteten ikke er målet, men et symptom på noget andet."
"scenario_0_1A_2_question.mp3","Hvad tror du, det betyder for de unges muligheder for at få en uddannelse og et job at de begår småkriminalitet som helt unge?"
"scenario_0_1A_2_answer.mp3","Jeg mener, det kan have alvorlige konsekvenser. Konsekvensen er, at en plettet straffeattest kan gøre det meget svært at blive optaget på visse uddannelser eller få job, især dem, der kræver tillid. Dette kan føre til en negativ spiral, hvor de unge føler sig udelukket fra samfundet. For eksempel kan en drøm om at blive pædagog eller politibetjent blive umulig. Så alt i alt kan en dumhed begået i ungdommen sætte dybe spor langt ind i voksenlivet."
"scenario_0_1B_question.mp3","På nogle arbejdspladser kan man kun blive ansat, hvis man har en ren straffeattest. Hvorfor tror du, det er sådan?"
"scenario_0_1B_answer.mp3","Jeg tror, det primært handler om tillid og sikkerhed. Grunden til det er, at arbejdsgiveren skal kunne stole på sine medarbejdere. For eksempel i job, hvor man arbejder med børn, penge eller følsomme oplysninger, er det afgørende, at medarbejderen er pålidelig. Derudover kan det også handle om virksomhedens omdømme. De ønsker ikke at blive associeret med kriminalitet."
"scenario_0_1B_2_question.mp3","Kan der efter din mening være nogen problemer ved, at man på nogle arbejdspladser kun kan blive ansat, hvis man har en ren straffeattest? Hvorfor?/Hvorfor ikke?"
"scenario_0_1B_2_answer.mp3","Ja, efter min mening kan der helt sikkert være problemer ved det. På den ene side forstår jeg godt, hvorfor arbejdsgivere i visse brancher, for eksempel i pædagogisk arbejde eller i den finansielle sektor, kræver en ren straffeattest. Det handler om sikkerhed og tillid. På den anden side er en stor ulempe, at det kan gøre det ekstremt svært for tidligere dømte at komme tilbage på arbejdsmarkedet. Det vil sige, at en fejl, man begik som ung, kan få livslange konsekvenser. Konsekvensen er, at det kan føre til social udstødelse og måske endda øge risikoen for ny kriminalitet, fordi folk ikke kan få et job og en stabil indkomst. Så alt i alt, mener jeg, at selvom kravet er forståeligt i nogle job, så er det et problem, hvis det bliver en generel barriere, der forhindrer folk i at få en ny chance i livet."
"scenario_0_2_question.mp3","Nogle mener ikke, at helt unge skal kunne straffes efter straffeloven. Hvilke fordele og ulemper mener du, der kan være ved, at helt unge ikke kan straffes efter straffeloven?"
"scenario_0_2_answer.mp3","Det er et komplekst spørgsmål. På den ene side er en fordel, at man anerkender, at unge under 15 år ikke er fuldt udviklede og måske ikke forstår konsekvenserne af deres handlinger. Fokus kan i stedet være på pædagogik og social hjælp, hvilket kan være mere effektivt til at forhindre fremtidig kriminalitet. På den anden side kan en ulempe være, at ofrene for kriminaliteten måske ikke føler, at der sker retfærdighed. Desuden kan det sende et signal til de unge om, at deres handlinger ikke har alvorlige konsekvenser."
"scenario_0_2_2_question.mp3","Hvad tror du, det betyder for kriminaliteten i samfundet, at unge under 15 år ikke kan straffes efter straffeloven?"
"scenario_0_2_2_answer.mp3","Personligt tror jeg, at det har en begrænset betydning for den samlede kriminalitet. Grunden til det er, at selvom de ikke kan straffes med fængsel, så bliver deres kriminalitet registreret, og de sociale myndigheder bliver involveret. Dette kan føre til tvungne sociale foranstaltninger, som kan være meget indgribende. Jeg mener dog, at det er afgørende for samfundets retsfølelse, at der er en klar reaktion på alvorlig kriminalitet, uanset alder."
"scenario_1_1A_question.mp3","Mange forældre opdrager deres børn til at hjælpe til med husarbejdet fra en tidlig alder. Hvorfor tror du, det er sådan?"
"scenario_1_1A_answer.mp3","Jeg tror, det handler mere om pædagogik end om praktisk hjælp. En af årsagerne er, at forældrene ønsker at lære deres børn ansvar og vigtigheden af at være en del af et fællesskab. Det betyder, at børnene lærer, at alle i en familie skal bidrage. Derudover kan det styrke børns selvtillid at mestre opgaver og føle sig nyttige."
"scenario_1_1A_2_question.mp3","Hvad tror du, det betyder for børn at have pligter derhjemme?"
"scenario_1_1A_2_answer.mp3","Jeg mener, det har en meget positiv betydning for deres udvikling. Det påvirker dem på den måde, at de udvikler praktiske færdigheder og en forståelse for, at opgaver ikke løser sig selv. Desuden lærer de at strukturere deres tid og tage ansvar. Personligt tror jeg, det forbereder dem godt til voksenlivet, hvor de skal klare sig selv."
"scenario_1_1B_question.mp3","Nogle forældre sætter grænser for, hvor mange timer deres børn må bruge på smartphones, computer eller TV. Hvorfor tror du, det er sådan?"
"scenario_1_1B_answer.mp3","Jeg tror, at forældre sætter grænser for skærmtid af flere vigtige årsager. Først og fremmest er der en bekymring for børnenes sundhed. Det skyldes, at for meget tid foran en skærm kan påvirke både søvn og fysisk aktivitet negativt. Derudover handler det nok også om at fremme andre typer af aktiviteter. Med andre ord ønsker forældrene måske, at deres børn skal bruge tid på kreativ leg, læsning eller socialt samvær med familien og venner ansigt til ansigt. En af årsagerne kan være, at de mener, disse aktiviteter er vigtigere for barnets generelle udvikling. Personligt tror jeg, at det er en fornuftig tilgang, fordi det hjælper børn med at finde en sund balance i deres hverdag."
"scenario_1_1B_2_question.mp3","Kan der være nogen problemer ved, at forældre bestemmer meget over, hvad deres børn skal lave i deres fritid?"
"scenario_1_1B_2_answer.mp3","Ja, efter min mening kan der godt være problemer. På den ene side er det godt med forældre, der engagerer sig. På den anden side kan en ulempe være, at barnet ikke lærer at træffe sine egne valg og finde sine egne interesser. Dette kan føre til, at barnet bliver uselvstændigt eller gør oprør mod forældreens kontrol. Det handler om at finde en balance."
"scenario_1_2_question.mp3","Nogle forældre vælger at opdrage deres børn uden at skælde ud eller straffe, men ved i stedet at tale med dem som næsten ligeværdige parter. Hvilke fordele og ulemper mener du, der kan være ved det?"
"scenario_1_2_answer.mp3","En klar fordel er, at det kan skabe et meget tæt og tillidsfuldt forhold mellem barn og forælder. Barnet lærer at argumentere for sine synspunkter og løse konflikter gennem dialog. Dog kan en ulempe være, at barnet kan få svært ved at forstå og acceptere autoriteter senere i livet, hvis grænserne er for utydelige. Det vil sige, at barnet kan mangle en forståelse for, at nogle gange bestemmer de voksne."
"scenario_1_2_2_question.mp3","Hvad tror du, det betyder for børns respekt for autoriteter, hvis deres forældre altid taler med dem som næsten ligeværdige parter?"
"scenario_1_2_2_answer.mp3","Jeg tror, det kan påvirke deres respekt for autoriteter som lærere eller arbejdsgivere. Konsekvensen kan være, at de forventer at kunne forhandle om alle regler og beslutninger. På den anden side kan det også betyde, at de udvikler en mere kritisk og selvstændig tankegang og ikke bare blindt følger autoriteter, hvilket også kan være en fordel."
"scenario_2_1A_question.mp3","Nogle mennesker flytter i hus i en forstad eller en mindre by, når de har fået børn. Hvorfor tror du, de gør det?"
"scenario_2_1A_answer.mp3","Jeg tror, de gør det for at give deres børn mere plads og natur. Grunden til det er, at en have og grønne områder giver bedre muligheder for leg. Desuden er lokalsamfundet i mindre byer ofte mere overskueligt og trygt for børn at vokse op i."
"scenario_2_1A_2_question.mp3","Hvad tror du, det betyder for en barnefamilies hverdag at bo i et hus i en mindre by i stedet for i en lejlighed midt i en stor by?"
"scenario_2_1A_2_answer.mp3","Jeg mener, det kan betyde en roligere og mere struktureret hverdag. Det påvirker dem på den måde, at transporttiden måske er længere, men til gengæld er der mere fred og ro derhjemme. På den anden side kan man gå glip af de mange kulturelle tilbud, som en storby har."
"scenario_2_1B_question.mp3","Nogle mennesker vælger at flytte i bofællesskaber. Hvorfor tror du, de vælger det?"
"scenario_2_1B_answer.mp3","Jeg tror, det handler om et ønske om fællesskab og social interaktion. En årsag kan være, at de ønsker at bekæmpe ensomhed og have naboer, de deler værdier og hverdag med. Desuden kan der være praktiske fordele som fællesspisning og deling af ressourcer."
"scenario_2_1B_2_question.mp3","Kan der efter din mening være nogen problemer ved at bo i bofællesskab? Hvorfor?/Hvorfor ikke?"
"scenario_2_1B_2_answer.mp3","Ja, efter min mening kan der sagtens være problemer. En ulempe er, at man skal indgå mange kompromiser og deltage i fælles beslutninger, hvilket kan være tidskrævende og føre til konflikter. Man har mindre privatliv end i en almindelig bolig. Så alt i alt kræver det en høj grad af tolerance og sociale færdigheder."
"scenario_2_2_question.mp3","Nogle mennesker vælger en alternativ livsstil uden tv og sociale medier, og hvor de ikke prioriterer materiel luksus. Hvilke fordele og ulemper mener du, der kan være ved det?"
"scenario_2_2_answer.mp3","På den ene side er en fordel, at man kan opnå mere ro og nærvær. Man bliver mindre påvirket af forbrugspres og kan fokusere på relationer og naturoplevelser. På den anden side kan en ulempe være, at man kan blive socialt isoleret og gå glip af vigtig information og samfundsdebatter, der foregår online."
"scenario_3_1A_question.mp3","De fleste studerende kan få økonomisk støtte (SU), men der er mange studerende, der også vælger at tage et studielån. Hvorfor tror du, det er sådan?"
"scenario_3_1A_answer.mp3","Jeg tror, det ofte er en nødvendighed for at få økonomien til at hænge sammen, især i de store byer hvor huslejen er høj. En anden årsag kan være et ønske om at have råd til et socialt liv, rejser eller andre oplevelser under studietiden, som SU'en alene ikke dækker."
"scenario_3_1A_2_question.mp3","Mener du, der kan være nogen problemer ved, at studerende tager et studielån? Hvorfor/hvorfor ikke?"
"scenario_3_1A_2_answer.mp3","Ja, efter min mening kan der være problemer. En ulempe er, at de starter deres voksenliv med gæld. Dette kan påvirke deres muligheder for at købe bolig eller starte familie. På den anden side giver lånet dem mulighed for at fokusere på studiet i stedet for at skulle arbejde meget ved siden af."
"scenario_3_1B_question.mp3","Mange unge tager hurtige lån via deres mobiltelefon, selvom det ofte er meget dyrt at låne penge på den måde. Hvorfor tror du alligevel, de gør det?"
"scenario_3_1B_answer.mp3","Jeg tror, det skyldes, at det er utroligt nemt og hurtigt. Man kan få pengene med det samme uden at skulle tale med en bankrådgiver. Det appellerer til et ønske om øjeblikkelig behovstilfredsstillelse. Måske tænker de ikke over de langsigtede konsekvenser og de høje renter."
"scenario_4_1A_question.mp3","Mange mennesker vælger at køre i bil til arbejde, selvom der er kø på vejene. Hvorfor tror du, de gør det?"
"scenario_4_1A_answer.mp3","Jeg tror, det skyldes en kombination af fleksibilitet og bekvemmelighed. Grunden til det er, at bilen giver en frihed til at køre, præcis hvornår og hvorhen man vil, uden at være afhængig af køreplaner. Derudover kan det for familier med børn være praktisk at kunne transportere alle på én gang og handle ind på vejen hjem."
"scenario_4_1A_2_question.mp3","Er det efter din mening et problem, at folk i områder med kø på vejene vælger at køre i bil til arbejde i stedet for at tage bus eller tog? Hvorfor?/Hvorfor ikke?"
"scenario_4_1A_2_answer.mp3","Ja, efter min mening er det et stort problem. Det er det, fordi det skaber trængsel, luftforurening og stress for alle. Konsekvensen er, at det påvirker både miljøet og folkesundheden negativt. Jeg mener, at samfundet har en interesse i at fremme mere bæredygtige transportformer."
"scenario_4_1B_question.mp3","Nogle mennesker vælger at tage bus eller tog til arbejde, selvom de har bil. Hvorfor tror du, de gør det?"
"scenario_4_1B_answer.mp3","En af årsagerne kan være, at de vil spare penge på benzin og parkering. En anden grund er, at de kan bruge transporttiden på at arbejde, læse eller slappe af i stedet for at sidde stresset i en bilkø. Desuden er der mange, der gør det af hensyn til miljøet."
"scenario_4_1B_2_question.mp3","Er det efter din mening et problem, at folk i mindre byer ikke har så gode muligheder for at tage bus eller tog til arbejde? Hvorfor?/Hvorfor ikke?"
"scenario_4_1B_2_answer.mp3","Ja, det er helt sikkert et problem. Det er det, fordi det skaber ulighed og gør folk i landdistrikterne afhængige af at have en bil. Dette kan føre til, at unge og ældre uden kørekort bliver socialt isolerede. Jeg mener, at god offentlig transport er en vigtig del af velfærden, uanset hvor man bor."
"scenario_4_2_question.mp3","Hvad tror du, der er mest effektivt, hvis man ønsker at begrænse biltrafikken i de store byer: kørselsafgifter eller bedre og billigere offentlig transport?"
"scenario_4_2_answer.mp3","Det er et komplekst spørgsmål, for jeg tror, den mest effektive løsning er en kombination. Men hvis jeg skal vælge, mener jeg, at bedre og billigere offentlig transport er mest effektivt på lang sigt. Grunden til det er, at det tilbyder et positivt alternativ i stedet for en straf. Kørselsafgifter kan være effektive til at reducere trafikken hurtigt. Dog er en ulempe, at de kan opfattes som socialt uretfærdige. På den anden side, hvis offentlig transport bliver så god og billig, at det er det nemmeste valg for de fleste, så vil folk vælge det af sig selv. For eksempel, hvis bussen kører hvert femte minut og er billigere end at parkere, bliver valget let. Så for at opsummere, selvom afgifter har en effekt, tror jeg, at et attraktivt alternativ skaber en mere varig og positiv forandring."
"scenario_5_1A_question.mp3","Nogle børn bruger meget tid på at spille på deres tablet. Hvorfor tror du, det er sådan?"
"scenario_5_1A_answer.mp3","Jeg tror, det er en kombination af, at spillene er designet til at være meget engagerende, og at det er en nem og tilgængelig form for underholdning. Desuden kan det være en måde for børn at slappe af på eller have noget at lave, når forældrene har travlt."
"scenario_5_1A_2_question.mp3","Hvad tror du, det betyder for børns sociale relationer, at de har en tablet?"
"scenario_5_1A_2_answer.mp3","På den ene side kan det give adgang til online fællesskaber med andre, der deler samme interesser. På den anden side kan der være en risiko for, at det tager tid fra fysisk leg og direkte social kontakt med venner, hvilket kan svække deres sociale kompetencer i den virkelige verden."
"scenario_5_1B_question.mp3","Mange skoler køber tablets til brug i undervisningen, selvom det koster mange penge. Hvorfor tror du, at det er sådan?"
"scenario_5_1B_answer.mp3","Jeg tror, skolerne gør det for at forberede eleverne til en digital fremtid. Grunden til det er, at digitale kompetencer er afgørende på arbejdsmarkedet. Desuden kan tablets give adgang til interaktive læringsmaterialer, som kan øge elevernes motivation."
"scenario_6_1A_question.mp3","Sundhedsstyrelsen laver hvert år sundhedskampagner. Alligevel spiser mange mennesker mere fedt og sukker og drikker mere alkohol, end Sundhedsstyrelsen anbefaler. Hvorfor tror du, de gør det?"
"scenario_6_1A_answer.mp3","Jeg tror, det skyldes, at vaner er svære at ændre, og at usund mad ofte er let tilgængelig og billig. Desuden er mad og drikke tæt forbundet med hygge og socialt samvær, hvilket kan gøre det svært at sige nej tak."
"scenario_6_1B_question.mp3","For mange mennesker hører socialt samvær og rigeligt med god mad og drikke tæt sammen. Hvorfor tror du, det er sådan?"
"scenario_6_1B_answer.mp3","Jeg tror, det er en kulturel ting. At dele et måltid er en fundamental måde at skabe bånd og vise gæstfrihed på. Det er en central del af 'hygge'-begrebet. Det vil sige, at maden ikke kun er næring, men også rammen om det sociale."
"scenario_7_1A_question.mp3","Mange ældre borgere i Danmark har svært ved at bruge digitale løsninger som MitID og Digital Post. Hvorfor tror du, det er svært for dem?"
"scenario_7_1A_answer.mp3","Jeg tror, det er svært af flere grunde. For det første er de ikke vokset op med teknologien på samme måde som yngre generationer. Det skyldes, at de mangler den grundlæggende digitale intuition. For det andet kan de være bange for at lave fejl, især når det handler om personlige oplysninger eller penge. Derudover kan sproget og designet i digitale løsninger virke forvirrende."
"scenario_7_1B_question.mp3","Hvad tror du, det betyder for de ældres livskvalitet og selvstændighed, at så meget kommunikation er blevet digital?"
"scenario_7_1B_answer.mp3","Jeg mener, det kan have en meget negativ betydning. Konsekvensen er, at de kan føle sig afhængige af hjælp fra familie eller venner til simple opgaver som at tjekke banken eller læse post fra kommunen. Dette kan føre til en følelse af tabt selvstændighed og isolation. På den anden side kan de, der lærer det, opleve en ny verden af muligheder."
"scenario_7_2_question.mp3","Nogle mener, at det offentlige skal gøre mere for at hjælpe de borgere, der har svært ved det digitale. Hvilke fordele og ulemper mener du, der kan være ved, at det offentlige bruger flere ressourcer på dette?"
"scenario_7_2_answer.mp3","Jeg synes, det er et meget relevant spørgsmål. På den ene side er en klar fordel ved at tilbyde mere personlig hjælp, at det kan modvirke social og digital udelukkelse. Det betyder, at ældre borgere kan føle sig mere trygge og inkluderede i samfundet. Ydermere sikrer det, at alle borgere, uanset deres digitale kompetencer, har adgang til vigtig information og service fra det offentlige, hvilket jeg mener er en grundlæggende rettighed. På den anden side kan en ulempe være, at det er meget ressourcekrævende. Det vil sige, at det koster mange penge og kræver meget personale at have fysiske support-funktioner til rådighed. Et andet problem kan være, at det måske bremser den generelle digitale udvikling, hvis man fastholder analoge systemer i for lang tid. Så for at opsummere, selvom det er dyrt, mener jeg, at fordelene ved at sikre alle borgeres deltagelse i samfundet klart opvejer ulemperne. Det handler om værdighed og lighed."
"scenario_8_1A_question.mp3","Mange mennesker vil gerne leve mere bæredygtigt, men vælger alligevel ofte de billigere og mindre miljøvenlige produkter i supermarkedet. Hvorfor tror du, de gør det?"
"scenario_8_1A_answer.mp3","Jeg tror, den primære årsag er økonomi. Det skyldes, at mange familier har et stramt budget, og prisen er derfor den vigtigste faktor. Derudover kan det handle om vaner og bekvemmelighed. Man køber det, man altid har købt. Personligt tror jeg også, at manglende gennemsigtighed kan spille en rolle; det er ikke altid let at se, hvilket produkt der er det mest bæredygtige."
"scenario_8_1B_question.mp3","Kan der efter din mening være nogen problemer ved, at bæredygtige produkter ofte er dyrere end konventionelle produkter? Hvorfor?/Hvorfor ikke?"
"scenario_8_1B_answer.mp3","Ja, efter min mening er det et stort problem, at bæredygtige produkter ofte er dyrere. Grunden til det er, at det skaber en social ulighed i, hvem der har mulighed for at træffe miljøvenlige valg. Det vil sige, at det at leve bæredygtigt kan blive et luksusgode, som kun folk med en god økonomi har råd til. Konsekvensen er, at den grønne omstilling kan gå langsommere, fordi en stor del af befolkningen af økonomiske årsager er nødt til at fravælge de bæredygtige varer. Derudover kan det skabe en følelse af afmagt eller dårlig samvittighed hos dem, der gerne vil, men ikke har råd. Så alt i alt mener jeg, at prisforskellen er en alvorlig barriere for en bred folkelig opbakning til den grønne omstilling."
"scenario_8_2_question.mp3","Nogle mener, at supermarkeder og producenter har det største ansvar for at fremme bæredygtigt forbrug, mens andre mener, at ansvaret ligger hos den enkelte forbruger. Hvad mener du om den diskussion?"
"scenario_8_2_answer.mp3","Jeg mener, ansvaret er delt, men at producenterne og supermarkederne har det største ansvar. Det er fordi, de bestemmer, hvilke produkter der er tilgængelige, og hvordan de præsenteres. De kan gøre det lettere og billigere for forbrugerne at vælge bæredygtigt. På den anden side har forbrugerne selvfølgelig også et ansvar, fordi vores efterspørgsel påvirker, hvad der bliver produceret. Men valget skal være reelt og tilgængeligt for alle."
"scenario_9_1A_question.mp3","I Danmark deltager mange mennesker i frivilligt arbejde i deres fritid. Hvorfor tror du, de vælger at bruge deres tid på det, selvom de ikke får løn?"
"scenario_9_1A_answer.mp3","Jeg tror, det handler om at gøre en forskel og være en del af et fællesskab. En af årsagerne er, at det giver en følelse af mening at hjælpe andre eller støtte en sag, man brænder for. Derudover er det en god måde at møde nye mennesker og udvikle nye kompetencer på. For eksempel kan man få erfaring med projektledelse eller kommunikation."
"scenario_9_1B_question.mp3","Hvad tror du, det betyder for et lokalsamfund, at mange borgere engagerer sig i frivilligt arbejde?"
"scenario_9_1B_answer.mp3","Jeg mener, det betyder utroligt meget. Det har den effekt, at det skaber et stærkere socialt sammenhold og et mere levende lokalsamfund. Det vil sige, at mange aktiviteter, især inden for sport og kultur, slet ikke ville eksistere uden frivillige. Så alt i alt er frivillighed limen, der binder mange lokalsamfund sammen."
"scenario_9_2_question.mp3","Nogle mener, at visse opgaver, som i dag varetages af frivillige, i virkeligheden burde løses af det offentlige. Hvilke fordele og ulemper kan der være ved, at frivillige udfører disse opgaver i stedet for det offentlige?"
"scenario_9_2_answer.mp3","Det er en interessant diskussion med flere aspekter. På den ene side er en stor fordel ved at bruge frivillige, at de ofte bidrager med et personligt engagement og en entusiasme, som kan være svær at finde i et professionelt system. Det betyder, at hjælpen kan føles mere personlig og mindre bureaukratisk. Ydermere styrker det fællesskabet og det civile samfund, når folk tager aktivt del i at løse lokale udfordringer. På den anden side er en klar ulempe, at kvaliteten og stabiliteten af hjælpen kan variere. Et problem kan være, at man ikke kan stille de samme krav til en frivillig som til en ansat. Derudover er der en risiko for, at det offentlige bruger frivillige som en undskyldning for at spare penge på velfærdsområder, som egentlig burde være en del af kernevelfærden. Så for at opsummere mener jeg, at frivillige er et fantastisk supplement, men de bør ikke erstatte professionelle medarbejdere i essentielle velfærdsopgaver. Den bedste løsning er nok et tæt samarbejde."
"scenario_10_1A_question.mp3","Mange unge i dag oplever et stort pres for at klare sig godt i gymnasiet og hurtigt vælge den 'rigtige' videregående uddannelse. Hvorfor tror du, dette pres er blevet så stort?"
"scenario_10_1A_answer.mp3","Jeg tror, det skyldes en kombination af samfundets forventninger og de unges egne ambitioner. Desuden er der et stort fokus på karakterer og adgangskrav, hvilket skaber en konkurrencementalitet. Sociale medier spiller også en rolle, fordi man konstant ser andres succes, hvilket kan få en til at føle sig utilstrækkelig."
"scenario_10_1B_question.mp3","Hvad tror du, det betyder for de unges mentale sundhed og deres motivation for at lære, at de oplever dette konstante pres?"
"scenario_10_1B_answer.mp3","Jeg mener, det har alvorlige negative konsekvenser. Det kan føre til stress, angst og udbrændthed. Når det gælder motivationen, kan presset fjerne glæden ved at lære. Med andre ord begynder uddannelse at handle mere om at præstere end om at tilegne sig viden, hvilket er meget uheldigt."
"scenario_10_2_question.mp3","Nogle unge vælger at tage et eller flere sabbatår efter gymnasiet for at arbejde, rejse eller finde ud af, hvad de vil. Hvilke fordele og ulemper mener du, der kan være ved at tage et sabbatår, før man starter på en uddannelse?"
"scenario_10_2_answer.mp3","Jeg mener, der er både klare fordele og potentielle ulemper ved at tage et sabbatår. En af de største fordele er, at det giver de unge tid til at modnes og få et afbræk fra skolesystemet. Det kan føre til, at de træffer et mere gennemtænkt og motiveret uddannelsesvalg, når de endelig starter. For eksempel kan erhvervserfaring fra et job give dem en bedre idé om, hvad de er interesserede i. En ulempe kan dog være, at det forsinker deres indtræden på arbejdsmarkedet. Med andre ord bliver de senere færdige med deres uddannelse og begynder senere at tjene penge og betale skat. Et andet problem kan være, at nogle unge har svært ved at komme i gang med at studere igen, efter de har vænnet sig til at have et job og en fast indkomst. Så alt i alt tror jeg, at fordelene ofte opvejer ulemperne, især i et samfund med et højt uddannelsespres. Et sabbatår kan være en sund investering i den unges fremtidige trivsel og karriere."
"scenario_11_1A_question.mp3","Mange mennesker, især børnefamilier, køber ofte færdigretter eller take-away, selvom de ved, at hjemmelavet mad generelt er sundere. Hvorfor tror du, de gør det?"
"scenario_11_1A_answer.mp3","Jeg tror, den primære årsag er tidsmangel. I en travl hverdag med arbejde, skole og fritidsaktiviteter kan det virke uoverskueligt også at skulle lave mad fra bunden. Det skyldes, at færdigretter tilbyder en nem og hurtig løsning. Desuden kan det for nogle også handle om manglende energi eller inspiration til madlavning efter en lang dag."
"scenario_11_1B_question.mp3","Hvad tror du, det betyder for familielivet og børns forhold til mad, at man ofte spiser færdigretter?"
"scenario_11_1B_answer.mp3","Jeg mener, det kan have flere konsekvenser. En konsekvens kan være, at man mister det sociale samvær omkring madlavningen. Det vil sige, at den værdifulde tid, hvor familien er sammen i køkkenet, forsvinder. For børns forhold til mad kan det betyde, at de ikke lærer, hvor maden kommer fra, eller hvordan man tilbereder den, hvilket kan påvirke deres madvaner som voksne."
"scenario_11_2_question.mp3","Nogle mener, at supermarkeder og producenter har det største ansvar for at fremme bæredygtigt forbrug, mens andre mener, at ansvaret ligger hos den enkelte forbruger. Hvad mener du om den diskussion?"
"scenario_11_2_answer.mp3","Jeg mener, ansvaret er delt, men at producenterne og supermarkederne har det største ansvar. Det er fordi, de bestemmer, hvilke produkter der er tilgængelige, og hvordan de præsenteres. De kan gøre det lettere og billigere for forbrugerne at vælge bæredygtigt. På den anden side har forbrugerne selvfølgelig også et ansvar, fordi vores efterspørgsel påvirker, hvad der bliver produceret. Men valget skal være reelt og tilgængeligt for alle."
"scenario_12_1A_question.mp3","På mange danske arbejdspladser er der tradition for at drikke en øl eller et glas vin med kollegerne om fredagen. Hvorfor tror du, denne tradition er så udbredt?"
"scenario_12_1A_answer.mp3","Jeg tror, det er en måde at markere ugens afslutning og starte weekenden på en hyggelig og uformel måde. Det er fordi, det styrker de sociale relationer og teamfølelsen, når man mødes uden for de normale arbejdsrammer. Det er en vigtig del af den danske arbejdskultur, som handler om mere end bare arbejde."
"scenario_12_1B_question.mp3","Kan der efter din mening være nogen problemer ved, at man ikke deltager i det sociale samvær som fx fredagsbar? Hvorfor/Hvorfor ikke?"
"scenario_12_1B_answer.mp3","Ja, efter min mening kan der være problemer. En konsekvens kan være, at man går glip af vigtig uformel information og de beslutninger, der måske tages i en mere afslappet atmosfære. Desuden risikerer man at blive set som en, der ikke er en del af holdet, hvilket kan påvirke ens relationer til kollegerne og måske endda ens karrieremuligheder."
"scenario_13_1A_question.mp3","Mange, især unge, bruger meget tid på sociale medier som Instagram og TikTok. Hvorfor tror du, disse platforme er så populære?"
"scenario_13_1A_answer.mp3","Jeg tror, deres popularitet skyldes, at de tilbyder hurtig underholdning og en følelse af social forbindelse. En årsag er, at man kan følge med i sine venners liv og få inspiration fra hele verden. Desuden giver de en platform, hvor man kan udtrykke sig kreativt og få anerkendelse i form af 'likes' og kommentarer."
"scenario_13_1B_question.mp3","Hvad tror du, det betyder for folks selvværd, at de konstant ser billeder af andres tilsyneladende perfekte liv på sociale medier?"
"scenario_13_1B_answer.mp3","Jeg mener, det kan være meget skadeligt. Konsekvensen er, at man let kommer til at sammenligne sit eget normale liv med andres polerede og redigerede virkelighed. Dette kan føre til følelser af utilstrækkelighed, misundelse og lavt selvværd, fordi man glemmer, at det, man ser, kun er et lille, perfekt udsnit af virkeligheden."
"scenario_13_2_question.mp3","Nogle siger, at venskaber på sociale medier ikke er 'rigtige' venskaber. Hvilke fordele og ulemper ser du ved at have mange online venner i forhold til at have få, nære venner, man mødes med fysisk?"
"scenario_13_2_answer.mp3","En fordel ved online venner er, at man kan have et stort netværk og finde folk med meget specifikke fælles interesser fra hele verden. På den anden side er en klar ulempe, at relationerne ofte er overfladiske. Med nære, fysiske venner har man en dybere forbindelse og den støtte, man har brug for, når livet er svært. Jeg mener, at begge dele kan have værdi, men de kan ikke erstatte hinanden."
"scenario_14_1A_question.mp3","På mange danske arbejdspladser er der en meget uformel tone, og medarbejdere arbejder ofte i teams med stort ansvar. Hvorfor tror du, denne kultur eksisterer i Danmark?"
"scenario_14_1A_answer.mp3","Jeg tror, det hænger sammen med en grundlæggende dansk værdi om lighed. Grunden til det er, at man tror på, at de bedste resultater opnås, når alle føler sig værdsat og tør byde ind med ideer. Den flade struktur og tilliden til medarbejderne fremmer innovation og arbejdsglæde."
"scenario_14_1B_question.mp3","Hvad tror du, det betyder for arbejdsglæden, at man har stor indflydelse på sit eget arbejde?"
"scenario_14_1B_answer.mp3","Jeg mener, det betyder utroligt meget. Det har den effekt, at medarbejderne føler et større ejerskab og ansvar for deres opgaver. Dette kan føre til højere motivation og engagement, fordi man føler, at ens bidrag gør en forskel. Det skaber en mere meningsfuld arbejdsdag."
"scenario_14_2_question.mp3","Kan der være ulemper eller udfordringer ved den flade ledelsesstruktur, især for en person fra en anden kultur? Hvorfor/Hvorfor ikke?"
"scenario_14_2_answer.mp3","Ja, helt sikkert. Det er et komplekst emne. En ulempe for en person fra en mere hierarkisk kultur kan være, at ansvarsfordelingen virker uklar. Det vil sige, at man kan være usikker på, hvem der træffer den endelige beslutning. Desuden kan den direkte og uformelle tone opfattes som mangel på respekt. Så alt i alt kræver det en tilvænningsperiode at forstå de uskrevne regler."
"scenario_15_1A_question.mp3","Mange udlændinge, der kommer til Danmark for at arbejde, oplever, at det er svært at lære dansk, fordi danskerne hurtigt slår over i engelsk. Hvorfor tror du, danskerne gør det?"
"scenario_15_1A_answer.mp3","Jeg tror, det ofte er ment som en venlig gestus. Grunden til det er, at danskerne gerne vil være hjælpsomme og sikre, at kommunikationen er så let som muligt. På den anden side forstår de måske ikke, at det gør det sværere for udlændinge at praktisere deres dansk. Det kan også handle om utålmodighed."
"scenario_15_1B_question.mp3","Hvad tror du, det betyder for en udlændings sociale liv og integration, at de lærer at tale dansk?"
"scenario_15_1B_answer.mp3","Jeg mener, det er altafgørende. At tale dansk er nøglen til at forstå den danske kultur og humor. Det betyder, at man kan deltage i samtaler i frokostpausen, til familiefester og i foreningslivet. Så alt i alt går man fra at være en observatør til at være en deltager i samfundet."
"scenario_15_2_question.mp3","På nogle internationale arbejdspladser i Danmark er arbejdssproget engelsk. Mener du, det er et problem, hvis de udenlandske medarbejdere på disse arbejdspladser ikke lærer dansk? Hvorfor/Hvorfor ikke?"
"scenario_15_2_answer.mp3","Det er et komplekst spørgsmål. Professionelt er det måske ikke et problem, hvis alt arbejde kan klares på engelsk. Men efter min mening bliver det et problem for den enkeltes integration i det danske samfund uden for arbejdet. En ulempe er, at de kan få svært ved at opbygge et socialt netværk uden for arbejdspladsen og forstå det samfund, de bor i. Konsekvensen er, at de måske aldrig rigtig føler sig hjemme i Danmark."
"scenario_16_1A_question.mp3","I mange byer ser man flere og flere byhaver, hvor beboere i fællesskab dyrker grøntsager og blomster på små arealer. Hvorfor tror du, denne tendens er opstået?"
"scenario_16_1A_answer.mp3","Jeg tror, det skyldes et ønske om at komme tættere på naturen og vide, hvor ens mad kommer fra. En anden årsag er behovet for stærkere lokale fællesskaber i en travl og ofte anonym by. Byhaven bliver et socialt mødested på tværs af generationer."
"scenario_16_1B_question.mp3","Hvad tror du, det betyder for beboerne i et område at have en fælles byhave?"
"scenario_16_1B_answer.mp3","Jeg mener, det har stor betydning for både det sociale og det mentale helbred. Det har den effekt, at folk lærer deres naboer at kende, hvilket øger trygheden og sammenholdet. Desuden giver havearbejde en mulighed for at slappe af, få frisk luft og motion, hvilket er godt mod stress."
"scenario_16_2_question.mp3","Nogle mener, at byhaver er en vigtig del af den grønne omstilling i byerne. Andre mener, at det mest er et hyggeligt hobbyprojekt med lille effekt. Hvad mener du?"
"scenario_16_2_answer.mp3","Det er en interessant diskussion. På den ene side er den reelle mængde mad, der produceres, selvfølgelig lille i det store billede. På den anden side mener jeg, at den pædagogiske værdi er enorm. Det vil sige, at byhaver skaber bevidsthed om bæredygtighed, økologi og madspild. Konsekvensen er, at folk tager denne viden med sig, når de handler i supermarkedet. Så alt i alt er effekten måske større, end man umiddelbart tror."